City_ID,City,Country,Date,Lat,Lng,Max Temp,Humidity,Cloudiness,Wind Speed,Current description,Rain (last 3 hrs),Snow (last 3 hrs)
0,Port Moresby,PG,2020-04-19 19:03:54,-9.44,147.18,78.35,83,51,5.59,broken clouds,0,0
1,Hobart,AU,2020-04-19 18:58:22,-42.88,147.33,51.8,76,100,5.82,overcast clouds,0,0
2,Moyale,KE,2020-04-19 19:03:56,3.52,39.06,68.58,68,100,3.78,light rain,0,0
3,Broken Hill,AU,2020-04-19 19:03:57,-31.95,141.43,69.8,28,75,18.34,broken clouds,0,0
4,Rantepao,ID,2020-04-19 19:03:57,-2.97,119.9,66.38,73,89,2.19,light rain,0,0
5,Hofn,IS,2020-04-19 19:02:17,64.25,-15.21,44.42,85,100,7.54,overcast clouds,0,0
6,Mataura,NZ,2020-04-19 19:02:17,-46.19,168.86,44.01,80,93,7.0,light rain,0,0
7,Clyde River,CA,2020-04-19 19:03:59,70.47,-68.59,6.8,65,20,19.46,few clouds,0,0
8,San Quintin,MX,2020-04-19 19:04:00,30.48,-115.95,63.99,63,99,15.23,overcast clouds,0,0
9,Ancud,CL,2020-04-19 19:02:25,-41.87,-73.82,53.6,81,75,12.75,broken clouds,0,0
10,Bengkulu,ID,2020-04-19 18:58:06,-3.8,102.27,78.82,81,100,3.74,overcast clouds,0,0
11,New Norfolk,AU,2020-04-19 19:02:43,-42.78,147.06,48.0,85,100,4.12,overcast clouds,0,0
12,Ushuaia,AR,2020-04-19 19:00:04,-54.8,-68.3,44.6,75,40,19.46,scattered clouds,0,0
13,Rikitea,PF,2020-04-19 19:00:03,-23.12,-134.97,76.75,70,59,7.87,broken clouds,0,0
14,Shalu,CN,2020-04-19 19:04:06,28.45,89.6,30.76,17,22,8.59,few clouds,0,0
15,Tasiilaq,GL,2020-04-19 19:02:00,65.61,-37.64,33.8,69,99,16.11,light snow,0,0
16,Punta Arenas,CL,2020-04-19 19:02:18,-53.15,-70.92,44.6,65,40,39.15,scattered clouds,0,0
17,Bredasdorp,ZA,2020-04-19 19:02:33,-34.53,20.04,61.0,87,4,2.24,clear sky,0,0
18,Vaini,TO,2020-04-19 19:04:09,-21.2,-175.2,77.0,83,40,9.17,scattered clouds,0,0
19,Ekhabi,RU,2020-04-19 19:04:11,53.51,142.97,28.8,98,100,14.36,light snow,0,0
20,Qaanaaq,GL,2020-04-19 19:04:11,77.48,-69.36,17.53,89,68,8.03,broken clouds,0,0
21,Khatanga,RU,2020-04-19 19:04:12,71.97,102.5,17.4,94,38,4.81,scattered clouds,0,0
22,Sulangan,PH,2020-04-19 19:04:13,11.14,123.72,82.18,81,83,12.48,light rain,0,0
23,Fairbanks,US,2020-04-19 19:00:21,64.84,-147.72,46.0,93,20,1.97,few clouds,0,0
24,Harper,LR,2020-04-19 19:04:14,4.38,-7.72,83.44,76,100,7.2,overcast clouds,0,0
25,Faanui,PF,2020-04-19 19:02:42,-16.48,-151.75,82.6,78,68,14.05,broken clouds,0,0
26,Zhigansk,RU,2020-04-19 19:04:15,66.77,123.37,12.16,94,76,9.31,broken clouds,0,0
27,Mackenzie,CA,2020-04-19 19:04:16,55.3,-123.17,44.6,52,1,3.36,clear sky,0,0
28,Port Elizabeth,ZA,2020-04-19 19:00:35,-33.92,25.57,71.6,73,2,9.57,clear sky,0,0
29,Kaka,TM,2020-04-19 19:01:40,37.35,59.61,67.6,30,3,4.85,clear sky,0,0
30,Quimper,FR,2020-04-19 19:04:17,48.0,-4.1,57.2,76,100,11.41,light rain,0,0
31,Kjollefjord,NO,2020-04-19 19:04:18,70.95,27.35,39.2,86,75,28.86,shower rain,0,0
32,Surt,LY,2020-04-19 19:00:36,31.21,16.59,69.62,43,56,20.07,broken clouds,0,0
33,Carnarvon,AU,2020-04-19 19:02:14,-24.87,113.63,73.4,78,38,12.75,scattered clouds,0,0
34,Jamestown,US,2020-04-19 19:01:52,42.1,-79.24,55.4,47,75,20.8,broken clouds,0,0
35,Santa Fe,AR,2020-04-19 19:04:21,-31.63,-60.7,87.01,38,0,4.0,clear sky,0,0
36,Port Alfred,ZA,2020-04-19 19:04:22,-33.59,26.89,77.63,57,20,14.81,few clouds,0,0
37,Mulege,MX,2020-04-19 19:04:22,26.88,-111.98,74.03,38,67,5.23,broken clouds,0,0
38,Barrow,US,2020-04-19 19:02:04,71.29,-156.79,10.4,85,90,3.36,light snow,0,0
39,Busselton,AU,2020-04-19 19:01:25,-33.65,115.33,55.99,59,97,14.7,overcast clouds,0,0
40,Severo-Kurilsk,RU,2020-04-19 19:04:24,50.68,156.12,26.42,90,9,14.27,clear sky,0,0
41,Manado,ID,2020-04-19 19:04:25,1.49,124.85,77.0,94,40,2.24,scattered clouds,0,0
42,Hilo,US,2020-04-19 19:01:02,19.73,-155.09,75.2,64,1,4.7,clear sky,0,0
43,Saskylakh,RU,2020-04-19 19:02:38,71.92,114.08,15.55,93,0,7.4,clear sky,0,0
44,Lufilufi,WS,2020-04-19 19:04:26,-13.87,-171.6,84.09,76,100,20.07,moderate rain,0,0
45,Albany,US,2020-04-19 19:00:55,42.6,-73.97,64.99,22,1,11.97,clear sky,0,0
46,Hermanus,ZA,2020-04-19 19:02:42,-34.42,19.23,62.01,94,59,1.01,broken clouds,0,0
47,Luderitz,NA,2020-04-19 19:02:26,-26.65,15.16,64.4,77,0,8.05,clear sky,0,0
48,Itatuba,BR,2020-04-19 19:04:29,-7.38,-35.63,82.4,69,75,18.34,thunderstorm,0,0
49,Tuktoyaktuk,CA,2020-04-19 19:02:17,69.45,-133.04,6.8,84,90,14.99,light snow,0,0
50,Codrington,AU,2020-04-19 19:04:30,-38.27,141.97,61.27,66,100,20.0,light rain,0,0
51,Nongstoin,IN,2020-04-19 19:04:30,25.52,91.27,60.01,65,46,4.52,light rain,0,0
52,Yellowknife,CA,2020-04-19 19:04:31,62.46,-114.35,24.01,62,20,14.99,few clouds,0,0
53,Sitka,US,2020-04-19 19:02:03,57.05,-135.33,42.8,93,90,2.21,mist,0,0
54,Najran,SA,2020-04-19 19:04:28,17.49,44.13,75.2,57,40,6.93,scattered clouds,0,0
55,Bethel,US,2020-04-19 19:03:45,41.37,-73.41,61.0,43,1,16.11,clear sky,0,0
56,San Cristobal,VE,2020-04-19 19:04:33,7.77,-72.22,93.2,38,40,5.82,smoke,0,0
57,Kaitangata,NZ,2020-04-19 19:04:34,-46.28,169.85,50.0,51,74,8.99,broken clouds,0,0
58,Bluff,NZ,2020-04-19 19:03:16,-46.6,168.33,44.01,80,97,7.0,light rain,0,0
59,Abu Dhabi,AE,2020-04-19 19:00:03,24.47,54.37,86.0,30,98,6.93,overcast clouds,0,0
60,Norman Wells,CA,2020-04-19 19:04:02,65.28,-126.83,24.8,79,75,14.99,broken clouds,0,0
61,Airai,TL,2020-04-19 18:59:43,-8.93,125.41,60.22,61,15,2.1,few clouds,0,0
62,Katangli,RU,2020-04-19 19:01:58,51.71,143.23,29.62,96,100,8.01,overcast clouds,0,0
63,Pishin,PK,2020-04-19 19:01:22,30.58,67.0,60.33,35,96,1.25,light rain,0,0
64,Dingle,PH,2020-04-19 19:02:49,11.0,122.67,80.31,80,90,7.54,overcast clouds,0,0
65,Mecca,SA,2020-04-19 19:02:26,21.43,39.83,79.03,60,54,3.65,broken clouds,0,0
66,Aktash,RU,2020-04-19 19:04:40,50.3,87.73,28.22,41,0,1.48,clear sky,0,0
67,Gamba,GA,2020-04-19 19:04:40,-2.65,10.0,81.12,83,18,8.12,few clouds,0,0
68,Placido De Castro,BR,2020-04-19 19:04:41,-10.34,-67.19,89.38,40,2,3.71,clear sky,0,0
69,Pizhanka,RU,2020-04-19 19:04:41,57.46,48.54,39.42,69,86,5.5,overcast clouds,0,0
70,Chokurdakh,RU,2020-04-19 19:02:24,70.63,147.92,6.24,95,100,9.69,overcast clouds,0,0
71,Havoysund,NO,2020-04-19 19:04:43,71.0,24.66,39.2,86,75,28.86,shower rain,0,0
72,Thompson,CA,2020-04-19 19:03:01,55.74,-97.86,21.2,79,90,9.17,light snow,0,0
73,Campoverde,PE,2020-04-19 19:04:44,-8.48,-74.81,86.0,55,75,5.82,broken clouds,0,0
74,Powell,US,2020-04-19 19:00:12,40.16,-83.08,57.99,50,75,12.75,broken clouds,0,0
75,Shingu,JP,2020-04-19 19:03:51,33.73,135.98,56.88,84,100,13.15,light rain,0,0
76,Mindelo,CV,2020-04-19 19:04:46,16.89,-24.98,77.0,57,20,27.51,few clouds,0,0
77,Eureka,US,2020-04-19 19:04:47,40.8,-124.16,60.01,69,63,5.99,broken clouds,0,0
78,Richards Bay,ZA,2020-04-19 19:04:47,-28.78,32.04,71.04,80,0,12.21,clear sky,0,0
79,Sao Felix Do Xingu,BR,2020-04-19 19:04:48,-6.64,-51.99,81.82,78,94,4.32,light rain,0,0
80,Bandundu,CD,2020-04-19 19:04:48,-3.32,17.37,72.86,84,78,2.51,broken clouds,0,0
81,Tilichiki,RU,2020-04-19 19:04:49,60.47,166.1,5.76,89,34,10.0,scattered clouds,0,0
82,Dikson,RU,2020-04-19 19:01:58,73.51,80.55,35.4,88,100,30.65,light rain,0,0
83,Cape Town,ZA,2020-04-19 19:01:58,-33.93,18.42,62.01,93,75,19.46,broken clouds,0,0
84,Avarua,CK,2020-04-19 19:02:09,-21.21,-159.78,80.6,74,13,5.82,few clouds,0,0
85,Saint-Augustin,CA,2020-04-19 19:01:57,51.23,-58.65,31.71,94,79,12.88,broken clouds,0,0
86,Kruisfontein,ZA,2020-04-19 19:02:02,-34.0,24.73,75.02,40,31,8.19,scattered clouds,0,0
87,Klaksvik,FO,2020-04-19 19:04:54,62.23,-6.59,46.4,81,0,11.41,clear sky,0,0
88,Arraial Do Cabo,BR,2020-04-19 19:04:57,-22.97,-42.03,78.8,65,40,10.29,scattered clouds,0,0
89,Povenets,RU,2020-04-19 19:04:58,62.85,34.83,32.85,94,100,4.36,overcast clouds,0,0
90,Mahebourg,MU,2020-04-19 19:02:47,-20.41,57.7,77.0,83,75,9.17,broken clouds,0,0
91,Magadan,RU,2020-04-19 19:03:47,59.57,150.8,-1.77,81,0,7.56,clear sky,0,0
92,Upernavik,GL,2020-04-19 19:01:59,72.79,-56.15,24.24,88,63,10.78,broken clouds,0,0
93,Zyryanka,RU,2020-04-19 19:05:00,65.75,150.85,-7.58,86,24,8.05,few clouds,0,0
94,Hithadhoo,MV,2020-04-19 19:01:02,-0.6,73.08,85.21,74,36,11.39,scattered clouds,0,0
95,Mankono,CI,2020-04-19 19:05:01,8.06,-6.19,90.79,37,64,3.13,broken clouds,0,0
96,Marawi,PH,2020-04-19 19:05:02,8.0,124.29,67.96,73,80,2.46,broken clouds,0,0
97,Ninotsminda,GE,2020-04-19 19:05:02,41.26,43.59,50.0,71,40,4.7,scattered clouds,0,0
98,Ponta Do Sol,PT,2020-04-19 19:02:54,32.67,-17.1,66.0,43,24,5.99,few clouds,0,0
99,Benguela,AO,2020-04-19 19:05:03,-12.58,13.41,79.68,82,39,1.81,light rain,0,0
100,Saint-Philippe,RE,2020-04-19 19:02:12,-21.36,55.77,73.4,78,14,10.29,light rain,0,0
101,New Richmond,US,2020-04-19 19:05:04,45.12,-92.54,46.4,22,1,12.75,clear sky,0,0
102,Raybag,IN,2020-04-19 19:05:05,16.48,74.78,81.95,31,52,2.8,broken clouds,0,0
103,Kyshtovka,RU,2020-04-19 19:05:06,56.55,76.63,50.56,81,99,6.73,overcast clouds,0,0
104,Kodiak,US,2020-04-19 19:05:06,57.79,-152.41,44.6,81,75,5.82,broken clouds,0,0
105,Atuona,PF,2020-04-19 19:01:55,-9.8,-139.03,82.45,76,92,15.55,light rain,0,0
106,Nikolskoye,RU,2020-04-19 19:05:07,59.7,30.79,39.2,86,75,4.47,broken clouds,0,0
107,Avera,US,2020-04-19 19:05:07,33.19,-82.53,52.0,92,90,12.75,moderate rain,0,0
108,Wanaka,NZ,2020-04-19 19:05:08,-44.7,169.15,40.46,68,34,6.76,scattered clouds,0,0
109,Muisne,EC,2020-04-19 19:05:09,0.6,-80.03,84.2,83,40,9.17,scattered clouds,0,0
110,San Marcos,US,2020-04-19 19:05:09,33.14,-117.17,64.4,63,90,8.05,overcast clouds,0,0
111,Talnakh,RU,2020-04-19 19:02:55,69.49,88.4,39.2,69,100,24.61,light rain,0,0
112,Agirish,RU,2020-04-19 19:05:10,61.92,63.02,35.73,79,89,6.67,overcast clouds,0,0
113,Kedrovyy,RU,2020-04-19 19:05:11,56.17,91.82,33.8,34,0,6.71,clear sky,0,0
114,Vigrestad,NO,2020-04-19 19:05:12,58.57,5.7,48.2,76,0,5.82,clear sky,0,0
115,Moron,AR,2020-04-19 19:03:22,-34.65,-58.62,81.0,45,1,4.52,clear sky,0,0
116,Progreso,MX,2020-04-19 19:02:09,21.28,-89.67,100.0,32,75,26.4,broken clouds,0,0
117,Poum,NC,2020-04-19 19:05:15,-20.23,164.02,79.3,80,70,11.95,moderate rain,0,0
118,Havelock,US,2020-04-19 19:05:15,34.88,-76.9,72.0,60,90,16.11,overcast clouds,0,0
119,Manavalakurichi,IN,2020-04-19 19:05:16,8.13,77.3,86.0,70,40,4.7,haze,0,0
120,Puerto El Triunfo,SV,2020-04-19 19:05:16,13.28,-88.55,89.6,55,20,9.17,haze,0,0
121,Kununurra,AU,2020-04-19 19:05:17,-15.77,128.73,75.2,88,48,3.94,scattered clouds,0,0
122,Porkhov,RU,2020-04-19 19:05:18,57.77,29.56,39.2,69,80,4.47,light rain,0,0
123,Laguna,US,2020-04-19 19:05:19,38.42,-121.42,66.0,59,75,8.05,broken clouds,0,0
124,Salalah,OM,2020-04-19 19:02:34,17.02,54.09,82.4,69,20,6.93,few clouds,0,0
125,Leningradskiy,RU,2020-04-19 19:05:19,69.38,178.42,6.6,92,96,6.89,overcast clouds,0,0
126,Fortuna,US,2020-04-19 19:02:09,40.6,-124.16,57.99,66,90,4.7,overcast clouds,0,0
127,Mayo,US,2020-04-19 19:05:20,38.89,-76.51,63.0,54,1,17.22,clear sky,0,0
128,Riosucio,CO,2020-04-19 19:05:21,5.42,-75.7,78.8,77,75,6.93,fog,0,0
129,Naze,JP,2020-04-19 19:05:21,28.37,129.48,73.4,88,90,14.99,overcast clouds,0,0
130,Provideniya,RU,2020-04-19 19:05:22,64.38,-173.3,18.32,94,98,15.28,light snow,0,0
131,Beringovskiy,RU,2020-04-19 19:05:23,63.05,179.32,16.25,96,100,15.46,light snow,0,0
132,Lasa,IT,2020-04-19 19:05:23,46.62,10.7,55.4,62,75,2.26,broken clouds,0,0
133,Noumea,NC,2020-04-19 19:05:24,-22.28,166.46,78.01,94,90,3.36,light rain,0,0
134,Torbay,CA,2020-04-19 19:02:30,47.67,-52.73,34.0,96,90,32.21,moderate rain,0,0
135,Hovd,MN,2020-04-19 19:04:09,48.01,91.64,38.55,33,0,1.5,clear sky,0,0
136,Vallenar,CL,2020-04-19 19:05:25,-28.57,-70.76,81.79,29,0,9.42,clear sky,0,0
137,Georgetown,MY,2020-04-19 19:04:55,5.41,100.34,82.4,94,20,3.36,few clouds,0,0
138,Taltal,CL,2020-04-19 19:05:26,-25.4,-70.48,70.11,57,7,5.53,clear sky,0,0
139,Bambous Virieux,MU,2020-04-19 19:01:56,-20.34,57.76,77.0,83,75,9.17,broken clouds,0,0
140,Impfondo,CG,2020-04-19 19:02:06,1.64,18.07,74.95,82,66,2.91,light rain,0,0
141,Kuytun,RU,2020-04-19 19:05:28,54.34,101.5,25.57,80,0,5.93,clear sky,0,0
142,Charters Towers,AU,2020-04-19 19:05:28,-20.1,146.27,69.89,32,46,6.4,scattered clouds,0,0
143,Grand Gaube,MU,2020-04-19 19:05:29,-20.01,57.66,77.0,83,75,9.17,broken clouds,0,0
144,Porto Novo,BJ,2020-04-19 19:02:38,6.5,2.6,82.4,83,40,13.87,scattered clouds,0,0
145,Hami,CN,2020-04-19 19:05:30,42.8,93.45,61.9,18,99,17.94,overcast clouds,0,0
146,Hearst,CA,2020-04-19 19:01:14,49.68,-83.67,20.8,88,84,6.69,broken clouds,0,0
147,Dakar,SN,2020-04-19 19:01:02,14.69,-17.44,75.2,78,7,19.46,clear sky,0,0
148,Kirakira,SB,2020-04-19 19:03:39,-10.45,161.92,79.2,81,99,2.44,overcast clouds,0,0
149,Kavieng,PG,2020-04-19 19:05:33,-2.57,150.8,83.61,71,23,4.18,few clouds,0,0
150,Tiksi,RU,2020-04-19 19:05:34,71.69,128.87,10.02,86,86,6.93,overcast clouds,0,0
151,Nuuk,GL,2020-04-19 19:05:34,64.18,-51.72,32.0,90,77,42.5,light shower snow,0,0
152,Puerto Ayora,EC,2020-04-19 19:00:43,-0.74,-90.35,86.0,70,40,13.87,shower rain,0,0
153,Qandala,SO,2020-04-19 19:05:35,11.47,49.87,84.09,67,74,2.82,broken clouds,0,0
154,Valdivia,CL,2020-04-19 19:05:36,-39.81,-73.25,62.6,72,75,4.7,broken clouds,0,0
155,Vao,NC,2020-04-19 19:05:36,-22.67,167.48,76.24,76,96,20.8,light rain,0,0
156,Beyneu,KZ,2020-04-19 19:04:16,45.32,55.2,69.37,26,100,21.03,overcast clouds,0,0
157,Saldanha,ZA,2020-04-19 19:05:37,-33.01,17.94,60.8,82,0,12.75,clear sky,0,0
158,Abalak,RU,2020-04-19 19:05:38,58.13,68.59,39.6,74,16,4.94,few clouds,0,0
159,Akureyri,IS,2020-04-19 19:05:39,65.68,-18.09,48.2,70,20,16.11,few clouds,0,0
160,Coihaique,CL,2020-04-19 19:05:40,-45.58,-72.07,44.6,87,90,8.14,light rain,0,0
161,Deniliquin,AU,2020-04-19 19:05:41,-35.53,144.97,57.99,61,100,13.0,overcast clouds,0,0
162,Pierre,US,2020-04-19 19:05:41,44.37,-100.35,46.99,41,20,5.82,few clouds,0,0
163,Kahului,US,2020-04-19 19:02:13,20.89,-156.47,73.4,69,20,5.5,few clouds,0,0
164,Ribas Do Rio Pardo,BR,2020-04-19 19:05:42,-20.44,-53.76,81.97,54,61,5.41,broken clouds,0,0
165,Evensk,RU,2020-04-19 19:05:42,61.95,159.23,7.83,86,100,8.52,overcast clouds,0,0
166,Cidreira,BR,2020-04-19 19:02:19,-30.18,-50.21,72.5,65,0,14.12,clear sky,0,0
167,Rawson,AR,2020-04-19 19:04:28,-43.3,-65.1,65.41,28,91,19.33,overcast clouds,0,0
168,Rocha,UY,2020-04-19 19:05:44,-34.48,-54.33,74.19,57,0,8.59,clear sky,0,0
169,Katsuura,JP,2020-04-19 19:02:37,35.13,140.3,51.01,84,98,7.0,overcast clouds,0,0
170,Wladyslawowo,PL,2020-04-19 19:05:45,54.79,18.4,44.01,69,0,10.2,clear sky,0,0
171,Santa Rosa,PH,2020-04-19 19:05:45,14.31,121.11,84.2,66,40,6.93,scattered clouds,0,0
172,Aswan,EG,2020-04-19 19:05:46,24.09,32.91,76.37,22,0,4.09,clear sky,0,0
173,Cockburn Town,TC,2020-04-19 19:04:33,21.46,-71.14,78.55,79,16,14.18,few clouds,0,0
174,Portland,US,2020-04-19 19:05:47,45.52,-122.68,60.01,62,75,6.93,broken clouds,0,0
175,Lagoa,PT,2020-04-19 19:02:03,39.05,-27.98,57.97,66,14,28.3,few clouds,0,0
176,Salekhard,RU,2020-04-19 19:05:48,66.53,66.6,33.51,96,100,3.78,overcast clouds,0,0
177,Chiang Klang,TH,2020-04-19 19:05:48,19.29,100.86,83.53,40,44,1.1,scattered clouds,0,0
178,Chandla,IN,2020-04-19 19:05:49,25.08,80.2,87.85,16,93,4.7,overcast clouds,0,0
179,Guerrero Negro,MX,2020-04-19 19:02:39,27.98,-114.06,65.89,60,63,15.1,broken clouds,0,0
180,Sola,VU,2020-04-19 19:05:51,-13.88,167.55,75.2,100,20,4.79,few clouds,0,0
181,Cherskiy,RU,2020-04-19 19:03:08,68.75,161.3,-0.9,93,99,6.55,overcast clouds,0,0
182,Souillac,MU,2020-04-19 18:57:36,-20.52,57.52,77.0,83,75,9.17,broken clouds,0,0
183,Kuusamo,FI,2020-04-19 19:05:17,65.97,29.18,37.4,86,90,4.7,overcast clouds,0,0
184,Kindu,CD,2020-04-19 19:05:53,-2.95,25.95,71.56,81,98,0.98,light rain,0,0
185,Lebu,CL,2020-04-19 19:02:24,-37.62,-73.65,61.47,60,100,8.14,overcast clouds,0,0
186,Castro,BR,2020-04-19 19:00:19,-24.79,-50.01,73.99,34,2,2.82,clear sky,0,0
187,Srednekolymsk,RU,2020-04-19 19:02:31,67.45,153.68,-8.01,89,5,6.96,clear sky,0,0
188,Toamasina,MG,2020-04-19 19:05:54,-18.17,49.38,73.4,94,75,9.17,light rain,0,0
189,Kapaa,US,2020-04-19 19:00:54,22.08,-159.32,79.0,83,75,5.82,broken clouds,0,0
190,Ilulissat,GL,2020-04-19 19:05:22,69.22,-51.1,26.6,53,52,20.8,broken clouds,0,0
191,Matagami,CA,2020-04-19 19:05:58,49.75,-77.63,14.0,72,40,12.75,scattered clouds,0,0
192,Aksum,ET,2020-04-19 19:05:58,14.12,38.72,67.17,19,89,3.38,overcast clouds,0,0
193,Lundazi,ZM,2020-04-19 19:05:59,-12.29,33.18,63.95,61,95,6.78,light rain,0,0
194,Chicama,PE,2020-04-19 19:05:59,-7.84,-79.15,71.6,78,22,13.87,few clouds,0,0
195,Kidal,ML,2020-04-19 19:06:00,18.44,1.41,97.95,8,100,9.78,overcast clouds,0,0
196,Bjornevatn,NO,2020-04-19 19:06:01,69.67,29.98,35.6,94,75,20.8,broken clouds,0,0
197,Vestmanna,FO,2020-04-19 19:06:01,62.16,-7.17,46.4,81,0,11.41,clear sky,0,0
198,Maningrida,AU,2020-04-19 19:06:01,-12.07,134.27,76.87,88,4,6.93,light rain,0,0
199,Maceio,BR,2020-04-19 19:02:24,-9.67,-35.74,82.4,74,40,10.29,shower rain,0,0
200,Esperance,AU,2020-04-19 19:06:03,-33.87,121.9,51.8,93,6,6.93,clear sky,0,0
201,Port Lincoln,AU,2020-04-19 19:02:23,-34.73,135.87,63.25,74,100,21.52,light rain,0,0
202,Lichtenburg,ZA,2020-04-19 19:06:04,-26.15,26.16,66.83,26,73,5.91,broken clouds,0,0
203,Longyearbyen,SJ,2020-04-19 19:01:49,78.22,15.64,32.27,93,100,14.81,snow,0,0
204,Beisfjord,NO,2020-04-19 19:06:05,68.38,17.6,39.2,86,100,27.51,light snow,0,0
205,Zhangye,CN,2020-04-19 19:06:06,38.93,100.45,45.88,26,85,1.41,overcast clouds,0,0
206,Saint Anthony,US,2020-04-19 19:06:06,45.02,-93.22,48.0,28,1,11.41,clear sky,0,0
207,Lata,PT,2020-04-19 19:01:27,40.16,-8.33,60.01,76,9,4.0,clear sky,0,0
208,Simga,IN,2020-04-19 19:06:07,21.63,81.7,89.64,23,53,2.93,broken clouds,0,0
209,Kargat,RU,2020-04-19 19:03:33,55.2,80.28,46.69,66,68,7.14,broken clouds,0,0
210,Harboore,DK,2020-04-19 19:06:09,56.62,8.18,48.99,80,0,11.77,clear sky,0,0
211,Mangrol,IN,2020-04-19 19:06:10,21.12,70.12,81.3,63,26,12.41,scattered clouds,0,0
212,San Patricio,MX,2020-04-19 19:02:47,19.22,-104.7,78.8,69,5,11.41,clear sky,0,0
213,Marsh Harbour,BS,2020-04-19 19:05:16,26.54,-77.06,81.25,74,20,13.56,few clouds,0,0
214,Narsaq,GL,2020-04-19 19:06:11,60.92,-46.05,32.0,87,20,4.7,few clouds,0,0
215,Albox,ES,2020-04-19 19:06:12,37.39,-2.15,60.01,76,93,11.01,light rain,0,0
216,Mikhaylovka,RU,2020-04-19 19:06:13,50.06,43.24,42.62,72,86,4.52,light rain,0,0
217,Manta,EC,2020-04-19 19:06:14,-0.95,-80.73,84.2,58,40,11.41,scattered clouds,0,0
218,Constitucion,CL,2020-04-19 19:06:16,-35.33,-72.42,68.11,41,57,17.36,broken clouds,0,0
219,Pevek,RU,2020-04-19 19:06:16,69.7,170.31,4.23,94,100,5.55,light snow,0,0
220,Gillette,US,2020-04-19 19:03:27,44.29,-105.5,46.99,81,20,10.29,light rain,0,0
221,Kailua,US,2020-04-19 19:05:42,21.4,-157.74,80.6,57,75,6.29,broken clouds,0,0
222,Butaritari,KI,2020-04-19 19:02:28,3.07,172.79,83.07,75,14,12.5,light rain,0,0
223,Kuala Terengganu,MY,2020-04-19 19:06:20,5.33,103.14,82.4,88,40,2.24,scattered clouds,0,0
224,Kloulklubed,PW,2020-04-19 19:06:22,7.04,134.26,78.8,94,75,3.36,broken clouds,0,0
225,Tha Mai,TH,2020-04-19 19:06:22,12.62,102.0,82.0,88,2,3.36,clear sky,0,0
226,Palembang,ID,2020-04-19 19:06:23,-2.92,104.75,76.06,95,84,0.45,broken clouds,0,0
227,Bumba,CD,2020-04-19 19:06:24,2.18,22.47,74.26,83,95,3.83,light rain,0,0
228,East London,ZA,2020-04-19 19:04:23,-33.02,27.91,77.58,64,8,18.14,clear sky,0,0
229,Rundu,NA,2020-04-19 19:06:25,-17.93,19.77,69.8,88,96,2.24,overcast clouds,0,0
230,Mar Del Plata,AR,2020-04-19 18:58:49,-38.0,-57.56,77.0,57,2,16.11,clear sky,0,0
231,Ludza,LV,2020-04-19 19:06:26,56.55,27.72,34.63,81,67,7.31,broken clouds,0,0
232,Victoria,HK,2020-04-19 19:05:53,22.29,114.16,75.99,88,45,5.01,scattered clouds,0,0
233,Santa Vitoria Do Palmar,BR,2020-04-19 19:06:28,-33.52,-53.37,72.48,63,0,8.57,clear sky,0,0
234,Waipawa,NZ,2020-04-19 19:06:30,-41.41,175.52,55.0,72,52,14.03,broken clouds,0,0
235,Tura,IN,2020-04-19 19:06:31,25.52,90.22,71.31,81,21,5.06,light rain,0,0
236,Sistranda,NO,2020-04-19 19:06:32,63.73,8.83,42.8,81,40,9.17,scattered clouds,0,0
237,Awjilah,LY,2020-04-19 19:06:32,29.11,21.29,76.73,18,9,7.52,clear sky,0,0
238,Kawalu,ID,2020-04-19 19:06:33,-7.38,108.21,74.73,78,100,1.25,overcast clouds,0,0
239,San Francisco,US,2020-04-19 19:02:04,37.77,-122.42,60.01,58,75,8.05,broken clouds,0,0
240,Bubaque,GW,2020-04-19 19:06:02,11.28,-15.83,77.9,71,75,17.0,broken clouds,0,0
241,Wiarton,CA,2020-04-19 19:06:36,44.74,-81.13,42.01,93,75,13.87,broken clouds,0,0
242,Saint-Pierre,RE,2020-04-19 19:04:54,-21.34,55.48,73.4,78,25,10.29,light rain,0,0
243,Hede,CN,2020-04-19 19:06:37,33.77,120.25,49.53,90,48,9.22,scattered clouds,0,0
244,Chuy,UY,2020-04-19 19:02:39,-33.7,-53.46,72.5,63,0,8.7,clear sky,0,0
245,Chernyshevskiy,RU,2020-04-19 19:06:38,63.01,112.47,10.4,92,39,3.13,scattered clouds,0,0
246,Saryg-Sep,RU,2020-04-19 19:06:39,51.5,95.6,37.45,50,0,2.98,clear sky,0,0
247,Acapulco,MX,2020-04-19 19:02:00,16.86,-99.89,84.2,70,20,5.82,few clouds,0,0
248,Saint-Ambroise,CA,2020-04-19 19:06:40,48.55,-71.33,42.01,86,100,1.01,light rain,0,0
249,Ust-Kuyga,RU,2020-04-19 19:06:40,70.02,135.6,4.71,92,98,7.16,overcast clouds,0,0
250,Clovis,US,2020-04-19 19:06:41,36.83,-119.7,69.01,59,75,5.82,broken clouds,0,0
251,Oranjemund,NA,2020-04-19 19:06:41,-28.55,16.43,61.5,87,0,1.81,clear sky,0,0
252,Kungurtug,RU,2020-04-19 19:06:42,50.6,97.52,30.29,51,0,0.4,clear sky,0,0
253,Hamilton,US,2020-04-19 19:06:43,39.18,-84.53,55.99,54,90,6.93,overcast clouds,0,0
254,Tula,RU,2020-04-19 19:04:22,54.2,37.61,39.99,61,100,2.17,light snow,0,0
255,Dodge City,US,2020-04-19 19:01:45,37.75,-100.02,69.01,52,40,9.17,scattered clouds,0,0
256,Jizan,SA,2020-04-19 19:06:44,17.33,42.67,87.8,66,75,7.72,broken clouds,0,0
257,Kijang,KR,2020-04-19 19:06:45,35.24,129.21,51.8,87,75,9.17,broken clouds,0,0
258,Isangel,VU,2020-04-19 19:06:45,-19.55,169.27,78.89,84,100,16.4,light rain,0,0
259,Komsomolskiy,UZ,2020-04-19 19:05:40,40.43,71.72,62.6,33,3,6.93,clear sky,0,0
260,Gigmoto,PH,2020-04-19 19:06:48,13.78,124.39,81.43,80,84,11.23,broken clouds,0,0
261,Sao Filipe,CV,2020-04-19 19:06:48,14.9,-24.5,72.03,74,13,23.78,few clouds,0,0
262,Warren,US,2020-04-19 19:03:26,39.43,-84.17,57.2,54,40,9.17,scattered clouds,0,0
263,Broome,US,2020-04-19 19:03:22,42.25,-75.83,57.99,46,1,10.29,light rain,0,0
264,Dubbo,AU,2020-04-19 19:06:49,-32.25,148.62,46.4,93,94,5.82,overcast clouds,0,0
265,Mazagao,BR,2020-04-19 19:06:50,-0.12,-51.29,91.4,59,20,8.05,few clouds,0,0
266,Hasaki,JP,2020-04-19 19:06:50,35.73,140.83,48.2,87,75,14.99,broken clouds,0,0
267,Ahipara,NZ,2020-04-19 19:06:51,-35.17,173.17,60.31,86,100,5.93,light rain,0,0
268,Hambantota,LK,2020-04-19 19:02:59,6.12,81.12,78.8,100,99,2.24,light rain,0,0
269,Gravdal,NO,2020-04-19 19:06:52,68.12,13.5,42.8,81,75,6.93,shower rain,0,0
270,Tuatapere,NZ,2020-04-19 19:06:36,-46.13,167.68,44.01,80,88,7.0,light rain,0,0
271,Sangueya,GN,2020-04-19 19:06:53,10.7,-14.37,86.76,51,97,11.36,overcast clouds,0,0
272,San Ramon,US,2020-04-19 19:05:09,37.78,-121.98,64.99,59,1,5.82,clear sky,0,0
273,Dyersburg,US,2020-04-19 19:06:54,36.03,-89.39,57.99,87,90,4.7,overcast clouds,0,0
274,Batsfjord,NO,2020-04-19 19:06:55,70.63,29.72,35.6,93,75,20.8,broken clouds,0,0
275,Hualmay,PE,2020-04-19 19:01:58,-11.1,-77.61,76.95,62,19,9.28,few clouds,0,0
276,Fuyu,CN,2020-04-19 19:06:56,45.18,124.82,50.23,77,100,14.25,light rain,0,0
277,Deputatskiy,RU,2020-04-19 19:06:56,69.3,139.9,0.54,86,98,5.55,overcast clouds,0,0
278,Ust-Charyshskaya Pristan,RU,2020-04-19 19:06:57,52.39,83.66,50.56,50,14,1.88,few clouds,0,0
279,Dunedin,NZ,2020-04-19 19:06:58,-45.87,170.5,48.0,55,33,11.5,scattered clouds,0,0
280,Ibipeba,BR,2020-04-19 19:06:59,-11.64,-42.01,80.56,52,80,9.08,broken clouds,0,0
281,Vardo,NO,2020-04-19 19:03:05,70.37,31.11,35.6,93,75,9.17,broken clouds,0,0
282,Mogadishu,SO,2020-04-19 19:07:00,2.04,45.34,84.88,70,99,9.28,overcast clouds,0,0
283,Islamkot,PK,2020-04-19 19:07:01,24.7,70.18,84.69,40,100,17.13,overcast clouds,0,0
284,Vostok,RU,2020-04-19 19:07:01,46.49,135.88,33.44,67,100,4.41,overcast clouds,0,0
285,Yuli,NG,2020-04-19 19:07:02,9.7,10.27,96.06,16,52,2.53,broken clouds,0,0
286,Ponta Pora,BR,2020-04-19 19:07:03,-22.54,-55.73,80.6,51,0,6.93,clear sky,0,0
287,Haines Junction,CA,2020-04-19 19:06:03,60.75,-137.51,42.67,53,100,4.97,overcast clouds,0,0
288,Taseyevo,RU,2020-04-19 19:07:04,57.22,94.9,32.63,76,0,9.6,clear sky,0,0
289,Husavik,IS,2020-04-19 19:07:05,66.04,-17.34,48.2,70,20,16.11,few clouds,0,0
290,Jinchang,CN,2020-04-19 19:07:05,38.5,102.17,43.25,27,76,8.9,broken clouds,0,0
291,Cabo San Lucas,MX,2020-04-19 19:02:57,22.89,-109.91,75.99,64,5,6.93,clear sky,0,0
292,Isla Mujeres,MX,2020-04-19 19:06:29,21.23,-86.73,86.0,66,75,18.34,broken clouds,0,0
293,Port Blair,IN,2020-04-19 19:07:07,11.67,92.75,83.88,76,5,8.19,clear sky,0,0
294,Lokoja,NG,2020-04-19 19:07:08,7.8,6.74,83.93,64,96,9.98,light rain,0,0
295,Kulhudhuffushi,MV,2020-04-19 19:07:08,6.62,73.07,86.58,72,39,8.16,scattered clouds,0,0
296,Usvyaty,RU,2020-04-19 19:07:09,55.75,30.75,36.14,80,57,6.64,light rain,0,0
297,Sazonovo,RU,2020-04-19 19:07:09,59.09,35.23,33.49,86,31,4.07,scattered clouds,0,0
298,Portel,BR,2020-04-19 19:07:10,-1.94,-50.82,87.35,72,81,0.85,moderate rain,0,0
299,Ribeira Grande,PT,2020-04-19 19:02:22,38.52,-28.7,60.8,59,20,18.34,few clouds,0,0
300,Jacksonville,US,2020-04-19 19:02:54,30.33,-81.66,84.99,65,75,6.93,broken clouds,0,0
301,Wanning,CN,2020-04-19 19:07:11,18.8,110.4,77.23,90,87,7.34,overcast clouds,0,0
302,Csanadpalota,HU,2020-04-19 19:07:12,46.25,20.73,54.0,66,75,11.41,broken clouds,0,0
303,Manadhoo,MV,2020-04-19 19:07:12,5.77,73.38,86.38,72,21,9.22,few clouds,0,0
304,Strezhevoy,RU,2020-04-19 19:07:13,60.73,77.59,42.8,100,75,4.47,broken clouds,0,0
305,Dharchula,IN,2020-04-19 19:07:14,29.85,80.53,55.49,34,97,7.78,light rain,0,0
306,Roald,NO,2020-04-19 19:07:15,62.58,6.13,46.99,81,0,11.41,clear sky,0,0
307,Shache,CN,2020-04-19 19:07:15,38.42,77.24,58.44,41,88,7.54,overcast clouds,0,0
308,Kutum,SD,2020-04-19 19:04:06,14.2,24.67,77.22,11,36,12.82,scattered clouds,0,0
309,Lompoc,US,2020-04-19 19:07:17,34.64,-120.46,62.6,59,75,5.82,broken clouds,0,0
310,Sambava,MG,2020-04-19 19:07:17,-14.27,50.17,75.54,86,11,6.04,light rain,0,0
311,Japura,ID,2020-04-19 19:07:18,-0.32,102.35,74.61,94,5,1.59,clear sky,0,0
312,Myrtle Beach,US,2020-04-19 19:07:19,33.69,-78.89,73.99,88,1,6.93,clear sky,0,0
313,Loubomo,CG,2020-04-19 19:07:19,-4.2,12.67,75.67,77,90,1.83,light rain,0,0
314,Tigil,RU,2020-04-19 19:07:20,57.8,158.67,12.6,95,98,8.7,light snow,0,0
315,Bathsheba,BB,2020-04-19 19:07:01,13.22,-59.52,86.0,58,20,19.46,few clouds,0,0
316,Lavrentiya,RU,2020-04-19 19:07:21,65.58,-171.0,16.23,91,100,6.91,overcast clouds,0,0
317,Dicabisagan,PH,2020-04-19 19:07:21,17.08,122.42,78.84,85,99,8.25,light rain,0,0
318,Balyaga,RU,2020-04-19 19:07:21,51.15,108.92,20.12,77,20,5.1,few clouds,0,0
319,Nabinagar,BD,2020-04-19 19:05:04,23.89,90.97,82.4,78,75,9.17,haze,0,0
320,Bandarbeyla,SO,2020-04-19 19:07:22,9.49,50.81,82.78,69,61,10.25,broken clouds,0,0
321,Alofi,NU,2020-04-19 19:07:23,-19.06,-169.92,75.2,94,32,2.24,scattered clouds,0,0
322,Fort Nelson,CA,2020-04-19 19:07:24,58.81,-122.7,60.8,48,40,14.99,scattered clouds,0,0
323,El Alto,PE,2020-04-19 19:07:24,-4.27,-81.21,76.82,65,19,6.04,few clouds,0,0
324,Inhambane,MZ,2020-04-19 19:07:25,-23.86,35.38,75.2,69,20,13.22,few clouds,0,0
325,Chara,RU,2020-04-19 19:07:25,56.91,118.26,10.76,77,91,5.46,light snow,0,0
326,Quatre Cocos,MU,2020-04-19 19:07:26,-20.21,57.76,77.0,83,75,9.17,broken clouds,0,0
327,Antofagasta,CL,2020-04-19 19:04:19,-23.65,-70.4,66.2,72,20,11.41,few clouds,0,0
328,Whitehorse,CA,2020-04-19 19:07:27,60.72,-135.05,48.2,42,75,11.41,broken clouds,0,0
329,Kiunga,PG,2020-04-19 19:07:27,-6.12,141.29,74.07,97,98,0.34,moderate rain,0,0
330,Flinders,AU,2020-04-19 19:07:28,-34.58,150.86,55.99,93,53,7.83,broken clouds,0,0
331,Taoudenni,ML,2020-04-19 19:07:29,22.68,-3.98,86.83,14,1,15.84,clear sky,0,0
332,Clifton,US,2020-04-19 19:05:11,40.86,-74.16,63.0,31,1,13.87,clear sky,0,0
333,Jijiga,ET,2020-04-19 19:07:30,9.35,42.8,68.31,49,100,2.15,light rain,0,0
334,Bonavista,CA,2020-04-19 19:07:14,48.65,-53.11,30.6,98,100,31.45,light snow,0,0
335,Abu Samrah,SY,2020-04-19 19:07:31,35.3,37.18,71.51,36,60,5.32,broken clouds,0,0
336,Taikang,CN,2020-04-19 19:07:31,46.83,124.42,44.33,79,100,8.14,moderate rain,0,0
337,Bakani,IN,2020-04-19 19:07:32,24.28,76.23,86.31,18,78,5.73,broken clouds,0,0
338,Moindou,NC,2020-04-19 19:07:32,-21.69,165.68,71.6,94,62,3.36,light rain,0,0
339,Russell,US,2020-04-19 19:07:33,32.35,-85.2,55.4,87,90,5.82,thunderstorm,0,0
340,Sukumo,JP,2020-04-19 19:07:34,32.93,132.73,65.57,92,100,15.12,heavy intensity rain,0,0
341,Kysyl-Syr,RU,2020-04-19 19:01:54,63.9,122.76,4.3,92,0,5.26,clear sky,0,0
342,Bambanglipuro,ID,2020-04-19 19:07:34,-7.95,110.28,79.0,81,90,2.77,light rain,0,0
343,Kasongo-Lunda,CD,2020-04-19 19:07:35,-6.47,16.82,71.91,78,73,0.34,light rain,0,0
344,Akdepe,TM,2020-04-19 19:07:35,42.06,59.38,68.0,37,30,6.93,scattered clouds,0,0
345,Bantogon,PH,2020-04-19 19:07:36,6.53,124.03,79.97,77,98,2.93,overcast clouds,0,0
346,Gorom-Gorom,BF,2020-04-19 19:07:36,14.44,-0.24,98.6,21,73,3.78,broken clouds,0,0
347,Tucuman,AR,2020-04-19 19:04:30,-26.82,-65.22,82.4,51,0,3.36,clear sky,0,0
348,Kushmurun,KZ,2020-04-19 19:07:40,52.45,64.63,49.86,56,100,4.94,overcast clouds,0,0
349,Geraldton,AU,2020-04-19 19:02:45,-28.77,114.6,57.2,87,35,10.29,scattered clouds,0,0
350,Stara Zagora,BG,2020-04-19 19:07:41,42.43,25.64,64.0,50,44,0.27,light rain,0,0
351,Ejutla De Crespo,MX,2020-04-19 19:07:41,16.57,-96.73,82.4,32,20,6.93,few clouds,0,0
352,Bousso,TD,2020-04-19 19:07:42,10.48,16.71,96.6,17,55,4.09,broken clouds,0,0
353,Port Shepstone,ZA,2020-04-19 19:04:37,-30.74,30.45,70.61,81,0,18.79,clear sky,0,0
354,Okhotsk,RU,2020-04-19 19:07:43,59.38,143.3,7.47,83,41,10.4,scattered clouds,0,0
355,Pacific Grove,US,2020-04-19 19:07:44,36.62,-121.92,60.8,59,75,5.82,broken clouds,0,0
356,Hokitika,NZ,2020-04-19 19:06:40,-42.72,170.97,49.95,75,77,3.47,light rain,0,0
357,Shihezi,CN,2020-04-19 19:07:45,44.3,86.03,60.73,34,12,1.23,few clouds,0,0
358,Nerchinskiy Zavod,RU,2020-04-19 19:07:46,51.31,119.61,20.05,78,84,14.85,broken clouds,0,0
359,Tonantins,BR,2020-04-19 19:07:46,-2.87,-67.8,83.34,75,74,3.04,moderate rain,0,0
360,Pelagiada,RU,2020-04-19 19:07:47,45.21,42.02,53.6,54,32,6.71,light rain,0,0
361,Roma,US,2020-04-19 19:06:05,43.21,-75.46,57.2,41,90,14.99,overcast clouds,0,0
362,Buala,SB,2020-04-19 19:07:48,-8.14,159.59,80.62,79,63,1.63,light rain,0,0
363,Amapa,BR,2020-04-19 19:07:49,1.0,-52.0,90.75,51,62,2.62,light rain,0,0
364,Oistins,BB,2020-04-19 19:07:49,13.07,-59.53,86.0,58,20,19.46,few clouds,0,0
365,Mayskiy,RU,2020-04-19 19:07:50,47.69,40.1,54.0,34,92,4.47,light rain,0,0
366,Iqaluit,CA,2020-04-19 19:06:03,63.75,-68.51,1.4,70,5,3.36,clear sky,0,0
367,Great Yarmouth,GB,2020-04-19 19:07:51,52.61,1.73,48.99,85,0,8.99,clear sky,0,0
368,Luena,AO,2020-04-19 19:07:51,-11.78,19.92,64.26,62,63,3.47,light rain,0,0
369,Kalabo,ZM,2020-04-19 19:07:52,-14.97,22.68,70.9,50,70,5.14,broken clouds,0,0
370,Morgan City,US,2020-04-19 19:07:52,29.7,-91.21,84.99,78,1,10.29,clear sky,0,0
371,Karakol,KG,2020-04-19 19:07:53,42.49,78.39,45.37,26,0,4.12,clear sky,0,0
372,Leshukonskoye,RU,2020-04-19 19:07:54,64.9,45.76,31.26,98,100,3.33,overcast clouds,0,0
373,Tiruppur,IN,2020-04-19 19:07:55,11.1,77.35,82.4,69,20,3.36,few clouds,0,0
374,Reidsville,US,2020-04-19 19:07:55,36.35,-79.66,63.0,42,1,3.36,clear sky,0,0
375,Mokhotlong,LS,2020-04-19 19:07:56,-29.29,29.07,48.47,36,0,1.1,clear sky,0,0
376,Xapuri,BR,2020-04-19 19:07:57,-10.65,-68.5,89.22,36,1,3.89,clear sky,0,0
377,Boende,CD,2020-04-19 19:06:15,-0.22,20.87,73.62,86,97,2.57,light rain,0,0
378,Binzhou,CN,2020-04-19 19:07:58,37.37,118.02,60.01,71,20,3.0,few clouds,0,0
379,Saint-Joseph,RE,2020-04-19 19:07:14,-21.37,55.62,73.4,78,17,10.29,light rain,0,0
380,Waspan,NI,2020-04-19 19:07:59,14.74,-83.97,89.6,66,40,8.05,scattered clouds,0,0
381,Singleton,AU,2020-04-19 19:08:00,-32.57,151.18,52.0,75,24,3.94,few clouds,0,0
382,Jaumave,MX,2020-04-19 19:08:00,23.42,-99.38,99.0,32,40,11.41,scattered clouds,0,0
383,Namibe,AO,2020-04-19 19:08:01,-15.2,12.15,76.14,62,2,14.14,light rain,0,0
384,Puerto Leguizamo,CO,2020-04-19 19:08:01,-0.19,-74.78,87.84,48,9,4.59,light rain,0,0
385,Port Hardy,CA,2020-04-19 19:05:44,50.7,-127.42,48.2,93,90,4.7,overcast clouds,0,0
386,Brae,GB,2020-04-19 19:02:05,60.4,-1.35,48.2,76,0,11.41,clear sky,0,0
387,Karratha,AU,2020-04-19 19:06:40,-20.74,116.85,84.04,55,99,3.22,overcast clouds,0,0
388,Sal Rei,CV,2020-04-19 19:08:03,16.18,-22.92,75.2,60,75,19.46,broken clouds,0,0
389,Aklavik,CA,2020-04-19 19:06:24,68.22,-135.01,19.4,44,75,3.36,broken clouds,0,0
390,Itaituba,BR,2020-04-19 19:08:04,-4.28,-55.98,72.68,96,100,0.29,moderate rain,0,0
391,Alice Town,BS,2020-04-19 19:08:05,25.72,-79.3,81.3,75,16,13.42,few clouds,0,0
392,Ndjole,GA,2020-04-19 19:08:06,-0.18,10.76,76.98,84,100,1.79,overcast clouds,0,0
393,Atar,MR,2020-04-19 19:08:06,20.52,-13.05,88.07,11,0,14.12,clear sky,0,0
394,Caramay,PH,2020-04-19 19:08:06,10.18,119.24,80.98,75,28,4.5,scattered clouds,0,0
395,Bulungu,CD,2020-04-19 19:08:07,-4.55,18.6,70.92,85,96,0.63,overcast clouds,0,0
396,Ko Samui,TH,2020-04-19 19:08:07,9.54,99.94,84.25,74,5,12.33,clear sky,0,0
397,Sao Joao Da Barra,BR,2020-04-19 19:05:04,-21.64,-41.05,80.6,57,75,11.41,broken clouds,0,0
398,Duldurga,RU,2020-04-19 19:08:08,50.68,113.59,20.71,77,76,9.35,broken clouds,0,0
399,Namatanai,PG,2020-04-19 19:08:09,-3.67,152.43,82.06,72,54,2.48,broken clouds,0,0
400,Abnub,EG,2020-04-19 19:08:09,27.27,31.15,73.4,49,0,10.29,clear sky,0,0
401,Chaman,PK,2020-04-19 19:08:10,30.92,66.45,61.25,38,67,3.27,broken clouds,0,0
402,Port Macquarie,AU,2020-04-19 19:08:11,-31.43,152.92,55.99,97,10,5.79,clear sky,0,0
403,Wattegama,LK,2020-04-19 19:08:11,6.8,81.48,78.8,100,97,2.24,overcast clouds,0,0
404,Seredeyskiy,RU,2020-04-19 19:08:12,54.05,35.23,35.42,80,100,4.0,light snow,0,0
405,Lesnoy,RU,2020-04-19 19:08:12,57.62,63.08,40.62,66,38,6.04,scattered clouds,0,0
406,Rock Sound,BS,2020-04-19 19:08:13,24.9,-76.2,78.55,80,1,11.92,clear sky,0,0
407,Vilhena,BR,2020-04-19 19:08:13,-12.74,-60.15,79.83,60,89,2.1,light rain,0,0
408,Gazojak,TM,2020-04-19 19:08:14,41.19,61.4,74.84,18,0,8.32,clear sky,0,0
409,Diffa,NE,2020-04-19 19:08:14,13.32,12.61,89.08,11,40,6.38,scattered clouds,0,0
410,Vanimo,PG,2020-04-19 19:04:51,-2.67,141.3,81.79,77,65,1.39,light rain,0,0
411,Nehe,CN,2020-04-19 19:05:07,48.48,124.83,30.87,93,100,26.06,snow,0,0
412,Hadejia,NG,2020-04-19 19:08:16,12.45,10.04,87.98,11,45,4.61,scattered clouds,0,0
413,Tecoanapa,MX,2020-04-19 19:08:18,16.52,-98.75,89.4,43,15,10.51,few clouds,0,0
414,Imbituba,BR,2020-04-19 19:06:26,-28.24,-48.67,77.0,53,20,9.17,few clouds,0,0
415,Camopi,GF,2020-04-19 19:08:19,3.17,-52.32,83.66,83,91,3.49,moderate rain,0,0
416,Dongsheng,CN,2020-04-19 19:08:19,39.82,109.98,35.92,36,0,12.08,clear sky,0,0
417,Sur,OM,2020-04-19 19:08:20,22.57,59.53,84.49,53,5,4.88,clear sky,0,0
418,Qingdao,CN,2020-04-19 19:08:20,36.1,120.37,51.8,87,0,6.71,mist,0,0
419,Cedar City,US,2020-04-19 19:05:42,37.68,-113.06,66.2,34,75,9.17,broken clouds,0,0
420,The Pas,CA,2020-04-19 19:03:52,53.83,-101.25,39.2,64,75,18.34,broken clouds,0,0
421,Newcastleton,GB,2020-04-19 19:08:22,55.18,-2.81,50.0,61,0,13.87,clear sky,0,0
422,Prince Rupert,CA,2020-04-19 19:08:22,54.32,-130.32,44.6,100,90,4.7,overcast clouds,0,0
423,Tymovskoye,RU,2020-04-19 19:08:23,50.85,142.66,33.08,86,100,9.4,overcast clouds,0,0
424,Kamaishi,JP,2020-04-19 19:08:23,39.27,141.88,46.69,86,100,12.06,overcast clouds,0,0
425,Shizunai,JP,2020-04-19 19:07:06,42.33,142.37,38.66,73,62,11.32,broken clouds,0,0
426,Viedma,AR,2020-04-19 19:05:11,-40.81,-63.0,71.6,26,68,8.81,broken clouds,0,0
427,Nantucket,US,2020-04-19 19:08:19,41.28,-70.1,51.8,62,1,26.4,clear sky,0,0
428,Rawicz,PL,2020-04-19 19:08:25,51.61,16.86,48.0,47,0,5.48,clear sky,0,0
429,Haputale,LK,2020-04-19 19:08:26,6.77,80.96,78.8,100,97,2.24,overcast clouds,0,0
430,Arlit,NE,2020-04-19 19:08:26,18.74,7.39,96.46,8,23,8.95,few clouds,0,0
431,Baijiantan,CN,2020-04-19 19:08:27,45.63,85.18,62.49,41,77,4.29,light rain,0,0
432,Lengshuijiang,CN,2020-04-19 19:05:05,27.69,111.43,60.73,75,34,1.34,scattered clouds,0,0
433,Talavera De La Reina,ES,2020-04-19 19:08:28,39.96,-4.83,63.07,63,12,6.93,light rain,0,0
434,Shahreza,IR,2020-04-19 19:08:28,32.03,51.88,60.49,27,71,2.55,broken clouds,0,0
435,Elizabeth City,US,2020-04-19 19:08:28,36.29,-76.25,72.0,55,1,11.41,clear sky,0,0
436,Abancay,PE,2020-04-19 19:08:29,-13.63,-72.88,59.0,47,40,10.29,scattered clouds,0,0
437,Novoagansk,RU,2020-04-19 19:08:29,61.94,76.66,44.67,90,100,3.33,moderate rain,0,0
438,Guanica,PR,2020-04-19 19:08:30,17.97,-66.91,87.01,58,0,8.01,clear sky,0,0
439,Grindavik,IS,2020-04-19 19:08:31,63.84,-22.43,48.2,93,90,29.97,light intensity drizzle,0,0
440,Santa,PH,2020-04-19 19:08:05,17.49,120.43,78.93,75,92,2.71,overcast clouds,0,0
441,Khanu Woralaksaburi,TH,2020-04-19 19:08:32,16.06,99.86,84.29,64,40,9.44,scattered clouds,0,0
442,Mapimi,MX,2020-04-19 19:04:57,25.82,-103.85,87.8,9,40,6.93,scattered clouds,0,0
443,Fuling,CN,2020-04-19 19:05:06,29.7,107.39,65.61,80,100,2.24,light rain,0,0
444,Batagay-Alyta,RU,2020-04-19 19:08:34,67.8,130.41,12.72,86,98,2.39,overcast clouds,0,0
445,Dzhebariki-Khaya,RU,2020-04-19 19:08:34,62.22,135.8,-2.29,88,0,1.1,clear sky,0,0
446,Rio Grande,BR,2020-04-19 19:08:27,-32.03,-52.1,80.6,57,20,14.99,few clouds,0,0
447,Kalmunai,LK,2020-04-19 19:08:35,7.42,81.82,82.74,78,81,5.01,broken clouds,0,0
448,Guanhaes,BR,2020-04-19 19:08:36,-18.77,-42.93,70.93,66,97,3.24,light rain,0,0
449,Ulladulla,AU,2020-04-19 19:08:36,-35.35,150.47,57.2,87,71,5.82,broken clouds,0,0
450,Genhe,CN,2020-04-19 19:05:08,50.78,121.52,20.68,80,100,11.16,overcast clouds,0,0
451,Port Keats,AU,2020-04-19 19:08:37,-14.25,129.55,81.7,73,14,2.01,few clouds,0,0
452,El Fuerte,MX,2020-04-19 19:08:38,26.42,-108.62,86.25,27,2,7.31,clear sky,0,0
453,Mount Isa,AU,2020-04-19 19:08:38,-20.73,139.5,60.8,51,28,7.25,scattered clouds,0,0
454,Olhao,PT,2020-04-19 19:08:39,37.03,-7.84,64.4,52,20,19.46,few clouds,0,0
455,Coquimbo,CL,2020-04-19 19:06:32,-29.95,-71.34,62.6,82,75,12.75,broken clouds,0,0
456,Ust-Nera,RU,2020-04-19 19:08:40,64.57,143.2,-4.49,77,94,3.53,overcast clouds,0,0
457,Camacha,PT,2020-04-19 19:08:40,33.08,-16.33,64.4,68,20,6.93,few clouds,0,0
458,Veraval,IN,2020-04-19 19:08:41,20.9,70.37,82.13,54,23,12.68,few clouds,0,0
459,Bud,US,2020-04-19 19:06:45,39.45,-86.18,57.0,54,40,10.71,scattered clouds,0,0
460,Songea,TZ,2020-04-19 19:08:42,-10.68,35.65,62.15,73,100,2.95,overcast clouds,0,0
461,Klyuchi,RU,2020-04-19 19:08:42,52.27,79.17,56.35,36,82,5.73,broken clouds,0,0
462,Vrangel,RU,2020-04-19 19:08:43,42.73,133.08,42.22,81,100,17.87,overcast clouds,0,0
463,Faya,SA,2020-04-19 19:07:19,18.39,42.45,66.2,82,98,4.52,light rain,0,0
464,Bria,CF,2020-04-19 19:04:05,6.54,21.99,78.71,56,98,7.14,overcast clouds,0,0
465,Huarmey,PE,2020-04-19 19:08:44,-10.07,-78.15,80.08,57,7,10.69,clear sky,0,0
466,Honiara,SB,2020-04-19 19:08:45,-9.43,159.95,75.2,94,20,3.36,few clouds,0,0
467,Bage,BR,2020-04-19 19:08:45,-31.33,-54.11,82.4,37,2,5.82,clear sky,0,0
468,Shenzhen,CN,2020-04-19 19:04:50,22.55,114.07,77.0,97,58,4.14,broken clouds,0,0
469,Yulara,AU,2020-04-19 19:08:47,-25.24,130.99,80.6,30,40,2.24,scattered clouds,0,0
470,Baruun-Urt,MN,2020-04-19 19:08:47,46.68,113.28,26.01,71,100,16.69,light snow,0,0
471,Rio Cuarto,AR,2020-04-19 19:08:48,-33.13,-64.35,82.4,32,0,6.93,clear sky,0,0
472,Morondava,MG,2020-04-19 19:04:50,-20.28,44.28,79.57,77,0,10.98,clear sky,0,0
473,Solnechnyy,RU,2020-04-19 19:08:49,50.72,136.63,36.54,72,100,2.35,overcast clouds,0,0
474,Sakakah,SA,2020-04-19 19:08:50,29.97,40.21,75.2,25,21,9.17,few clouds,0,0
475,Siniscola,IT,2020-04-19 19:08:50,40.57,9.69,60.8,93,40,4.7,scattered clouds,0,0
476,Port Hedland,AU,2020-04-19 19:08:51,-20.32,118.57,78.8,88,92,4.7,overcast clouds,0,0
477,Emerald,AU,2020-04-19 19:08:51,-23.53,148.17,66.2,68,0,11.41,clear sky,0,0
478,Denpasar,ID,2020-04-19 19:08:52,-8.65,115.22,78.8,100,20,1.12,few clouds,0,0
479,Labuhan,ID,2020-04-19 19:08:52,-6.88,112.21,80.08,81,63,1.57,broken clouds,0,0
480,Nome,US,2020-04-19 19:08:52,64.5,-165.41,35.6,93,90,3.36,overcast clouds,0,0
481,Omboue,GA,2020-04-19 19:08:53,-1.57,9.26,80.78,82,73,4.76,light rain,0,0
482,Kolondieba,ML,2020-04-19 19:08:53,11.09,-6.89,100.54,17,76,1.1,broken clouds,0,0
483,Shahrud,IR,2020-04-19 19:07:51,36.42,54.98,57.38,38,94,12.17,light rain,0,0
484,Santa Maria,BR,2020-04-19 19:08:55,-29.68,-53.81,83.39,33,0,2.48,clear sky,0,0
485,Alma,CA,2020-04-19 19:04:20,48.55,-71.65,42.01,69,100,1.99,light rain,0,0
486,Markova,UA,2020-04-19 19:08:57,48.68,24.41,48.2,31,100,4.47,overcast clouds,0,0
487,Riyadh,SA,2020-04-19 19:05:14,24.69,46.72,80.6,30,95,6.93,overcast clouds,0,0
488,Kaeo,NZ,2020-04-19 19:08:58,-35.1,173.78,57.99,94,100,2.64,light rain,0,0
489,Cacequi,BR,2020-04-19 19:08:58,-29.88,-54.83,82.67,35,0,1.68,clear sky,0,0
490,Porto Walter,BR,2020-04-19 19:08:59,-8.27,-72.74,89.17,31,18,4.03,few clouds,0,0
491,Marrakesh,MA,2020-04-19 19:08:59,31.63,-8.01,69.8,46,75,10.29,broken clouds,0,0
492,Okato,NZ,2020-04-19 19:06:31,-39.2,173.88,54.0,88,39,1.01,scattered clouds,0,0
493,Caravelas,BR,2020-04-19 19:06:37,-17.71,-39.25,77.41,76,74,19.39,light rain,0,0
494,Osakarovka,KZ,2020-04-19 19:09:01,50.56,72.57,55.24,46,12,3.83,few clouds,0,0
495,Huilong,CN,2020-04-19 19:09:02,31.81,121.66,55.99,91,71,9.28,broken clouds,0,0
496,Makakilo City,US,2020-04-19 19:06:24,21.35,-158.09,77.0,69,75,2.66,light rain,0,0
497,Pringsewu,ID,2020-04-19 19:09:04,-5.36,104.97,75.34,89,92,1.25,light rain,0,0
498,Presidencia Roque Saenz Pena,AR,2020-04-19 19:09:05,-26.79,-60.44,87.55,25,0,4.27,clear sky,0,0
499,San Jeronimo,PE,2020-04-19 19:09:05,-11.95,-75.28,57.45,20,54,5.95,light rain,0,0
500,Pec,XK,2020-04-19 19:08:04,42.66,20.29,68.0,30,40,12.75,scattered clouds,0,0
501,Dzilam Gonzalez,MX,2020-04-19 19:09:06,21.28,-88.93,100.0,29,80,11.99,broken clouds,0,0
502,Tateyama,JP,2020-04-19 19:09:06,34.98,139.87,51.01,84,100,7.0,overcast clouds,0,0
503,Ambilobe,MG,2020-04-19 19:09:07,-13.2,49.05,74.53,87,50,3.74,light rain,0,0
504,Quesnel,CA,2020-04-19 19:09:07,53.0,-122.5,51.8,43,1,3.36,clear sky,0,0
505,Raga,SS,2020-04-19 19:09:08,8.46,25.68,83.7,12,90,0.13,overcast clouds,0,0
506,Ladario,BR,2020-04-19 19:09:08,-19.0,-57.6,91.4,49,40,5.82,scattered clouds,0,0
507,Guasdualito,VE,2020-04-19 19:09:09,7.24,-70.73,78.8,83,75,6.93,thunderstorm,0,0
508,Tamandare,BR,2020-04-19 19:09:09,-8.76,-35.1,83.57,73,69,10.94,light rain,0,0
509,Ganzhou,CN,2020-04-19 19:09:10,28.82,115.43,58.8,75,11,1.77,few clouds,0,0
510,Ketchikan,US,2020-04-19 19:09:11,55.34,-131.65,48.2,93,90,16.11,overcast clouds,0,0
511,Barra Do Garcas,BR,2020-04-19 19:06:10,-15.89,-52.26,84.72,58,17,4.07,few clouds,0,0
512,Freetown,SL,2020-04-19 19:09:12,8.48,-13.23,84.2,70,40,8.05,scattered clouds,0,0
513,Hobyo,SO,2020-04-19 19:09:12,5.35,48.53,85.42,70,91,11.36,overcast clouds,0,0
514,Lewisburg,US,2020-04-19 19:09:12,35.45,-86.79,62.6,82,90,5.82,haze,0,0
515,Monywa,MM,2020-04-19 19:08:03,22.12,95.13,89.65,33,12,4.43,few clouds,0,0
516,Jinka,ET,2020-04-19 19:09:13,5.65,36.65,63.66,62,51,2.1,light rain,0,0
517,Woodstock,CA,2020-04-19 19:09:14,43.13,-80.75,45.14,81,100,16.87,light rain,0,0
518,Thunder Bay,CA,2020-04-19 19:09:14,48.4,-89.32,35.6,34,75,16.11,broken clouds,0,0
519,Tautira,PF,2020-04-19 19:09:15,-17.73,-149.15,84.2,70,95,19.84,light rain,0,0
520,Monticello,US,2020-04-19 19:09:16,45.31,-93.79,46.0,28,1,8.19,clear sky,0,0
521,Eyl,SO,2020-04-19 19:09:17,7.98,49.82,84.31,71,28,10.18,scattered clouds,0,0
522,Saint George,US,2020-04-19 19:01:06,37.1,-113.58,69.01,42,1,3.36,clear sky,0,0
523,Scarborough,GB,2020-04-19 19:04:45,54.28,-0.4,46.0,82,0,3.0,clear sky,0,0
524,Berdigestyakh,RU,2020-04-19 19:09:19,62.1,126.7,5.67,91,47,3.29,scattered clouds,0,0
525,Lloro,CO,2020-04-19 19:09:19,5.5,-76.55,87.8,66,40,6.93,scattered clouds,0,0
526,Tabas,IR,2020-04-19 19:09:20,33.6,56.92,73.4,35,37,2.24,scattered clouds,0,0
527,Umm Kaddadah,SD,2020-04-19 19:09:20,13.6,26.69,84.78,11,1,9.84,clear sky,0,0
528,Pitimbu,BR,2020-04-19 19:09:21,-7.47,-34.81,84.2,79,20,11.41,few clouds,0,0
529,Gornoye Loo,RU,2020-04-19 19:09:21,43.71,39.6,53.01,87,8,4.47,clear sky,0,0
530,Wenling,CN,2020-04-19 19:05:09,28.37,121.36,59.0,86,20,1.01,few clouds,0,0
531,Pisco,PE,2020-04-19 19:09:23,-13.7,-76.22,75.2,64,9,9.17,clear sky,0,0
532,Ler,SS,2020-04-19 19:09:23,8.3,30.14,91.65,14,86,2.48,overcast clouds,0,0
533,Kombissiri,BF,2020-04-19 19:09:25,12.07,-1.34,96.8,34,1,6.93,haze,0,0
534,Juba,SS,2020-04-19 19:09:25,4.85,31.58,73.87,70,98,6.17,moderate rain,0,0
535,Skibbereen,IE,2020-04-19 19:09:26,51.55,-9.27,50.0,93,75,9.17,mist,0,0
536,Rochester,US,2020-04-19 19:09:27,43.15,-77.62,48.0,81,82,8.01,light rain,0,0
537,Nemuro,JP,2020-04-19 19:08:16,43.32,145.57,38.17,81,12,9.31,few clouds,0,0
538,Hastings,GB,2020-04-19 19:09:28,50.86,0.57,53.01,67,0,5.99,clear sky,0,0
539,Puerto Del Rosario,ES,2020-04-19 19:09:29,28.5,-13.86,69.8,52,20,16.11,few clouds,0,0
540,Tagusao,PH,2020-04-19 19:09:30,9.19,117.81,81.14,77,19,3.22,few clouds,0,0
541,Kuybysheve,UA,2020-04-19 19:09:30,47.36,36.65,48.49,59,99,6.11,overcast clouds,0,0
542,Havre-Saint-Pierre,CA,2020-04-19 19:02:28,50.23,-63.6,35.6,51,1,17.22,clear sky,0,0
543,Yerbogachen,RU,2020-04-19 19:09:31,61.28,108.01,15.66,91,0,2.62,clear sky,0,0
544,Cheshire,US,2020-04-19 19:09:31,41.5,-72.9,61.0,41,1,13.87,clear sky,0,0
545,Kondopoga,RU,2020-04-19 19:09:32,62.21,34.26,37.4,88,99,6.71,overcast clouds,0,0
546,Chabahar,IR,2020-04-19 19:09:32,25.29,60.64,80.96,69,55,6.98,broken clouds,0,0
547,Kosh,AM,2020-04-19 19:09:33,40.3,44.16,53.6,62,70,4.7,light rain,0,0
548,Salinas,US,2020-04-19 19:09:23,36.68,-121.66,60.8,62,90,5.82,overcast clouds,0,0
549,Manama,BH,2020-04-19 19:05:44,26.22,50.58,78.8,78,100,9.17,light rain,0,0
550,Atherton,GB,2020-04-19 19:09:34,53.52,-2.49,55.0,33,15,8.01,few clouds,0,0
551,Tambo,PE,2020-04-19 19:09:35,-14.8,-73.92,48.04,19,19,4.7,light rain,0,0
552,Kenai,US,2020-04-19 19:09:35,60.55,-151.26,42.8,93,90,2.89,light rain,0,0
553,Rennes,FR,2020-04-19 19:09:36,48.17,-1.67,57.2,87,100,6.93,light rain,0,0
554,Antigonish,CA,2020-04-19 19:09:29,45.62,-62.0,37.99,59,100,17.0,light snow,0,0
555,Phanat Nikhom,TH,2020-04-19 19:09:36,13.45,101.18,87.01,62,36,7.05,scattered clouds,0,0
556,Chute-Aux-Outardes,CA,2020-04-19 19:08:56,49.12,-68.4,42.8,48,75,6.93,broken clouds,0,0
557,Vestmannaeyjar,IS,2020-04-19 19:06:55,63.44,-20.27,44.6,100,90,26.4,moderate rain,0,0
558,Portage,US,2020-04-19 19:09:38,41.17,-81.2,57.99,57,1,8.05,clear sky,0,0
559,Khorixas,NA,2020-04-19 19:09:39,-20.37,14.97,81.68,30,62,16.62,light rain,0,0
560,Flin Flon,CA,2020-04-19 19:09:39,54.77,-101.86,37.4,69,75,14.99,broken clouds,0,0
561,Westport,US,2020-04-19 19:09:40,41.14,-73.36,60.01,44,1,18.34,clear sky,0,0
562,Necochea,AR,2020-04-19 19:06:36,-38.55,-58.74,71.01,62,34,5.99,scattered clouds,0,0
563,Nanortalik,GL,2020-04-19 19:02:41,60.14,-45.24,30.18,89,14,15.79,few clouds,0,0
